<?xml version="1.0" encoding="utf-8"?>
<!--Created using XmlSitemapGenerator.org - Free HTML, RSS and XML sitemap generator-->
<rss version="2.0">
  <channel>
    <title>Marwah Road Roasters</title>
    <link>https://marwa739.github.io</link>
    <description />
    <item>
      <guid>https://marwa739.github.io</guid>
      <title>Marwah Road Roasters</title>
      <link>https://marwa739.github.io</link>
      <description />
      <pubDate>Sat, 21 Nov 2020 09:18:00 Z</pubDate>
    </item>
    <item>
      <guid>https://marwa739.github.io/employ.html</guid>
      <title>Positions Available</title>
      <link>https://marwa739.github.io/employ.html</link>
      <description />
      <pubDate>Sat, 21 Nov 2020 09:18:00 Z</pubDate>
    </item>
    <item>
      <guid>https://marwa739.github.io/community.html</guid>
      <title>Community Spirit</title>
      <link>https://marwa739.github.io/community.html</link>
      <description />
      <pubDate>Sat, 21 Nov 2020 09:18:00 Z</pubDate>
    </item>
    <item>
      <guid>https://marwa739.github.io/history.html</guid>
      <title>Coffee and Mount Pleasant</title>
      <link>https://marwa739.github.io/history.html</link>
      <description />
      <pubDate>Sat, 21 Nov 2020 09:18:00 Z</pubDate>
    </item>
    <item>
      <guid>https://marwa739.github.io/index.html</guid>
      <title>Marwah Road Roasters</title>
      <link>https://marwa739.github.io/index.html</link>
      <description />
      <pubDate>Sat, 21 Nov 2020 09:18:00 Z</pubDate>
    </item>
    <item>
      <guid>https://marwa739.github.io/find.html</guid>
      <title>Find Us</title>
      <link>https://marwa739.github.io/find.html</link>
      <description />
      <pubDate>Sat, 21 Nov 2020 09:18:00 Z</pubDate>
    </item>
    <item>
      <guid>https://marwa739.github.io/menu.html</guid>
      <title>Marwah Road Roaster’s Menu</title>
      <link>https://marwa739.github.io/menu.html</link>
      <description>Marwah Road Roaster’s Menu</description>
      <pubDate>Sat, 21 Nov 2020 09:18:00 Z</pubDate>
    </item>
  </channel>
</rss>
<!--<guid value="508bac1f-1178-4b61-92c7-72f00aa4a57a" />-->
<!--Created using XmlSitemapGenerator.org - Free HTML, RSS and XML sitemap generator-->